cod_local,local,cod_variavel,variavel,cod_periodo,periodo,valor
2500106,Água Branca - PB,109,Área plantada,2023,2023,-
2500106,Água Branca - PB,216,Área colhida,2023,2023,-
2500106,Água Branca - PB,214,Quantidade produzida,2023,2023,-
2500106,Água Branca - PB,112,Rendimento médio da produção,2023,2023,-
2500106,Água Branca - PB,215,Valor da produção,2023,2023,-
2500205,Aguiar - PB,109,Área plantada,2023,2023,5
2500205,Aguiar - PB,216,Área colhida,2023,2023,5
2500205,Aguiar - PB,214,Quantidade produzida,2023,2023,200
2500205,Aguiar - PB,112,Rendimento médio da produção,2023,2023,40000
2500205,Aguiar - PB,215,Valor da produção,2023,2023,32
2500304,Alagoa Grande - PB,109,Área plantada,2023,2023,1600
2500304,Alagoa Grande - PB,216,Área colhida,2023,2023,1600
2500304,Alagoa Grande - PB,214,Quantidade produzida,2023,2023,104000
2500304,Alagoa Grande - PB,112,Rendimento médio da produção,2023,2023,65000
2500304,Alagoa Grande - PB,215,Valor da produção,2023,2023,17680
2500403,Alagoa Nova - PB,109,Área plantada,2023,2023,600
2500403,Alagoa Nova - PB,216,Área colhida,2023,2023,600
2500403,Alagoa Nova - PB,214,Quantidade produzida,2023,2023,36000
2500403,Alagoa Nova - PB,112,Rendimento médio da produção,2023,2023,60000
2500403,Alagoa Nova - PB,215,Valor da produção,2023,2023,6300
2500502,Alagoinha - PB,109,Área plantada,2023,2023,350
2500502,Alagoinha - PB,216,Área colhida,2023,2023,350
2500502,Alagoinha - PB,214,Quantidade produzida,2023,2023,22750
2500502,Alagoinha - PB,112,Rendimento médio da produção,2023,2023,65000
2500502,Alagoinha - PB,215,Valor da produção,2023,2023,3640
2500536,Alcantil - PB,109,Área plantada,2023,2023,-
2500536,Alcantil - PB,216,Área colhida,2023,2023,-
2500536,Alcantil - PB,214,Quantidade produzida,2023,2023,-
2500536,Alcantil - PB,112,Rendimento médio da produção,2023,2023,-
2500536,Alcantil - PB,215,Valor da produção,2023,2023,-
2500577,Algodão de Jandaíra - PB,109,Área plantada,2023,2023,-
2500577,Algodão de Jandaíra - PB,216,Área colhida,2023,2023,-
2500577,Algodão de Jandaíra - PB,214,Quantidade produzida,2023,2023,-
2500577,Algodão de Jandaíra - PB,112,Rendimento médio da produção,2023,2023,-
2500577,Algodão de Jandaíra - PB,215,Valor da produção,2023,2023,-
2500601,Alhandra - PB,109,Área plantada,2023,2023,2500
2500601,Alhandra - PB,216,Área colhida,2023,2023,2500
2500601,Alhandra - PB,214,Quantidade produzida,2023,2023,162500
2500601,Alhandra - PB,112,Rendimento médio da produção,2023,2023,65000
2500601,Alhandra - PB,215,Valor da produção,2023,2023,26000
2500700,São João do Rio do Peixe - PB,109,Área plantada,2023,2023,-
2500700,São João do Rio do Peixe - PB,216,Área colhida,2023,2023,-
2500700,São João do Rio do Peixe - PB,214,Quantidade produzida,2023,2023,-
2500700,São João do Rio do Peixe - PB,112,Rendimento médio da produção,2023,2023,-
2500700,São João do Rio do Peixe - PB,215,Valor da produção,2023,2023,-
2500734,Amparo - PB,109,Área plantada,2023,2023,-
2500734,Amparo - PB,216,Área colhida,2023,2023,-
2500734,Amparo - PB,214,Quantidade produzida,2023,2023,-
2500734,Amparo - PB,112,Rendimento médio da produção,2023,2023,-
2500734,Amparo - PB,215,Valor da produção,2023,2023,-
2500775,Aparecida - PB,109,Área plantada,2023,2023,-
2500775,Aparecida - PB,216,Área colhida,2023,2023,-
2500775,Aparecida - PB,214,Quantidade produzida,2023,2023,-
2500775,Aparecida - PB,112,Rendimento médio da produção,2023,2023,-
2500775,Aparecida - PB,215,Valor da produção,2023,2023,-
2500809,Araçagi - PB,109,Área plantada,2023,2023,500
2500809,Araçagi - PB,216,Área colhida,2023,2023,500
2500809,Araçagi - PB,214,Quantidade produzida,2023,2023,32500
2500809,Araçagi - PB,112,Rendimento médio da produção,2023,2023,65000
2500809,Araçagi - PB,215,Valor da produção,2023,2023,5363
2500908,Arara - PB,109,Área plantada,2023,2023,-
2500908,Arara - PB,216,Área colhida,2023,2023,-
2500908,Arara - PB,214,Quantidade produzida,2023,2023,-
2500908,Arara - PB,112,Rendimento médio da produção,2023,2023,-
2500908,Arara - PB,215,Valor da produção,2023,2023,-
2501005,Araruna - PB,109,Área plantada,2023,2023,-
2501005,Araruna - PB,216,Área colhida,2023,2023,-
2501005,Araruna - PB,214,Quantidade produzida,2023,2023,-
2501005,Araruna - PB,112,Rendimento médio da produção,2023,2023,-
2501005,Araruna - PB,215,Valor da produção,2023,2023,-
2501104,Areia - PB,109,Área plantada,2023,2023,780
2501104,Areia - PB,216,Área colhida,2023,2023,780
2501104,Areia - PB,214,Quantidade produzida,2023,2023,50700
2501104,Areia - PB,112,Rendimento médio da produção,2023,2023,65000
2501104,Areia - PB,215,Valor da produção,2023,2023,8112
2501153,Areia de Baraúnas - PB,109,Área plantada,2023,2023,-
2501153,Areia de Baraúnas - PB,216,Área colhida,2023,2023,-
2501153,Areia de Baraúnas - PB,214,Quantidade produzida,2023,2023,-
2501153,Areia de Baraúnas - PB,112,Rendimento médio da produção,2023,2023,-
2501153,Areia de Baraúnas - PB,215,Valor da produção,2023,2023,-
2501203,Areial - PB,109,Área plantada,2023,2023,-
2501203,Areial - PB,216,Área colhida,2023,2023,-
2501203,Areial - PB,214,Quantidade produzida,2023,2023,-
2501203,Areial - PB,112,Rendimento médio da produção,2023,2023,-
2501203,Areial - PB,215,Valor da produção,2023,2023,-
2501302,Aroeiras - PB,109,Área plantada,2023,2023,-
2501302,Aroeiras - PB,216,Área colhida,2023,2023,-
2501302,Aroeiras - PB,214,Quantidade produzida,2023,2023,-
2501302,Aroeiras - PB,112,Rendimento médio da produção,2023,2023,-
2501302,Aroeiras - PB,215,Valor da produção,2023,2023,-
2501351,Assunção - PB,109,Área plantada,2023,2023,-
2501351,Assunção - PB,216,Área colhida,2023,2023,-
2501351,Assunção - PB,214,Quantidade produzida,2023,2023,-
2501351,Assunção - PB,112,Rendimento médio da produção,2023,2023,-
2501351,Assunção - PB,215,Valor da produção,2023,2023,-
2501401,Baía da Traição - PB,109,Área plantada,2023,2023,1600
2501401,Baía da Traição - PB,216,Área colhida,2023,2023,1600
2501401,Baía da Traição - PB,214,Quantidade produzida,2023,2023,104000
2501401,Baía da Traição - PB,112,Rendimento médio da produção,2023,2023,65000
2501401,Baía da Traição - PB,215,Valor da produção,2023,2023,16640
2501500,Bananeiras - PB,109,Área plantada,2023,2023,120
2501500,Bananeiras - PB,216,Área colhida,2023,2023,120
2501500,Bananeiras - PB,214,Quantidade produzida,2023,2023,6600
2501500,Bananeiras - PB,112,Rendimento médio da produção,2023,2023,55000
2501500,Bananeiras - PB,215,Valor da produção,2023,2023,1175
2501534,Baraúna - PB,109,Área plantada,2023,2023,-
2501534,Baraúna - PB,216,Área colhida,2023,2023,-
2501534,Baraúna - PB,214,Quantidade produzida,2023,2023,-
2501534,Baraúna - PB,112,Rendimento médio da produção,2023,2023,-
2501534,Baraúna - PB,215,Valor da produção,2023,2023,-
2501575,Barra de Santana - PB,109,Área plantada,2023,2023,-
2501575,Barra de Santana - PB,216,Área colhida,2023,2023,-
2501575,Barra de Santana - PB,214,Quantidade produzida,2023,2023,-
2501575,Barra de Santana - PB,112,Rendimento médio da produção,2023,2023,-
2501575,Barra de Santana - PB,215,Valor da produção,2023,2023,-
2501609,Barra de Santa Rosa - PB,109,Área plantada,2023,2023,-
2501609,Barra de Santa Rosa - PB,216,Área colhida,2023,2023,-
2501609,Barra de Santa Rosa - PB,214,Quantidade produzida,2023,2023,-
2501609,Barra de Santa Rosa - PB,112,Rendimento médio da produção,2023,2023,-
2501609,Barra de Santa Rosa - PB,215,Valor da produção,2023,2023,-
2501708,Barra de São Miguel - PB,109,Área plantada,2023,2023,-
2501708,Barra de São Miguel - PB,216,Área colhida,2023,2023,-
2501708,Barra de São Miguel - PB,214,Quantidade produzida,2023,2023,-
2501708,Barra de São Miguel - PB,112,Rendimento médio da produção,2023,2023,-
2501708,Barra de São Miguel - PB,215,Valor da produção,2023,2023,-
2501807,Bayeux - PB,109,Área plantada,2023,2023,-
2501807,Bayeux - PB,216,Área colhida,2023,2023,-
2501807,Bayeux - PB,214,Quantidade produzida,2023,2023,-
2501807,Bayeux - PB,112,Rendimento médio da produção,2023,2023,-
2501807,Bayeux - PB,215,Valor da produção,2023,2023,-
2501906,Belém - PB,109,Área plantada,2023,2023,58
2501906,Belém - PB,216,Área colhida,2023,2023,58
2501906,Belém - PB,214,Quantidade produzida,2023,2023,3480
2501906,Belém - PB,112,Rendimento médio da produção,2023,2023,60000
2501906,Belém - PB,215,Valor da produção,2023,2023,592
2502003,Belém do Brejo do Cruz - PB,109,Área plantada,2023,2023,-
2502003,Belém do Brejo do Cruz - PB,216,Área colhida,2023,2023,-
2502003,Belém do Brejo do Cruz - PB,214,Quantidade produzida,2023,2023,-
2502003,Belém do Brejo do Cruz - PB,112,Rendimento médio da produção,2023,2023,-
2502003,Belém do Brejo do Cruz - PB,215,Valor da produção,2023,2023,-
2502052,Bernardino Batista - PB,109,Área plantada,2023,2023,-
2502052,Bernardino Batista - PB,216,Área colhida,2023,2023,-
2502052,Bernardino Batista - PB,214,Quantidade produzida,2023,2023,-
2502052,Bernardino Batista - PB,112,Rendimento médio da produção,2023,2023,-
2502052,Bernardino Batista - PB,215,Valor da produção,2023,2023,-
2502102,Boa Ventura - PB,109,Área plantada,2023,2023,5
2502102,Boa Ventura - PB,216,Área colhida,2023,2023,5
2502102,Boa Ventura - PB,214,Quantidade produzida,2023,2023,200
2502102,Boa Ventura - PB,112,Rendimento médio da produção,2023,2023,40000
2502102,Boa Ventura - PB,215,Valor da produção,2023,2023,30
2502151,Boa Vista - PB,109,Área plantada,2023,2023,-
2502151,Boa Vista - PB,216,Área colhida,2023,2023,-
2502151,Boa Vista - PB,214,Quantidade produzida,2023,2023,-
2502151,Boa Vista - PB,112,Rendimento médio da produção,2023,2023,-
2502151,Boa Vista - PB,215,Valor da produção,2023,2023,-
2502201,Bom Jesus - PB,109,Área plantada,2023,2023,-
2502201,Bom Jesus - PB,216,Área colhida,2023,2023,-
2502201,Bom Jesus - PB,214,Quantidade produzida,2023,2023,-
2502201,Bom Jesus - PB,112,Rendimento médio da produção,2023,2023,-
2502201,Bom Jesus - PB,215,Valor da produção,2023,2023,-
2502300,Bom Sucesso - PB,109,Área plantada,2023,2023,-
2502300,Bom Sucesso - PB,216,Área colhida,2023,2023,-
2502300,Bom Sucesso - PB,214,Quantidade produzida,2023,2023,-
2502300,Bom Sucesso - PB,112,Rendimento médio da produção,2023,2023,-
2502300,Bom Sucesso - PB,215,Valor da produção,2023,2023,-
2502409,Bonito de Santa Fé - PB,109,Área plantada,2023,2023,30
2502409,Bonito de Santa Fé - PB,216,Área colhida,2023,2023,30
2502409,Bonito de Santa Fé - PB,214,Quantidade produzida,2023,2023,1350
2502409,Bonito de Santa Fé - PB,112,Rendimento médio da produção,2023,2023,45000
2502409,Bonito de Santa Fé - PB,215,Valor da produção,2023,2023,216
2502508,Boqueirão - PB,109,Área plantada,2023,2023,-
2502508,Boqueirão - PB,216,Área colhida,2023,2023,-
2502508,Boqueirão - PB,214,Quantidade produzida,2023,2023,-
2502508,Boqueirão - PB,112,Rendimento médio da produção,2023,2023,-
2502508,Boqueirão - PB,215,Valor da produção,2023,2023,-
2502607,Igaracy - PB,109,Área plantada,2023,2023,2
2502607,Igaracy - PB,216,Área colhida,2023,2023,2
2502607,Igaracy - PB,214,Quantidade produzida,2023,2023,90
2502607,Igaracy - PB,112,Rendimento médio da produção,2023,2023,45000
2502607,Igaracy - PB,215,Valor da produção,2023,2023,14
2502706,Borborema - PB,109,Área plantada,2023,2023,-
2502706,Borborema - PB,216,Área colhida,2023,2023,-
2502706,Borborema - PB,214,Quantidade produzida,2023,2023,-
2502706,Borborema - PB,112,Rendimento médio da produção,2023,2023,-
2502706,Borborema - PB,215,Valor da produção,2023,2023,-
2502805,Brejo do Cruz - PB,109,Área plantada,2023,2023,-
2502805,Brejo do Cruz - PB,216,Área colhida,2023,2023,-
2502805,Brejo do Cruz - PB,214,Quantidade produzida,2023,2023,-
2502805,Brejo do Cruz - PB,112,Rendimento médio da produção,2023,2023,-
2502805,Brejo do Cruz - PB,215,Valor da produção,2023,2023,-
2502904,Brejo dos Santos - PB,109,Área plantada,2023,2023,-
2502904,Brejo dos Santos - PB,216,Área colhida,2023,2023,-
2502904,Brejo dos Santos - PB,214,Quantidade produzida,2023,2023,-
2502904,Brejo dos Santos - PB,112,Rendimento médio da produção,2023,2023,-
2502904,Brejo dos Santos - PB,215,Valor da produção,2023,2023,-
2503001,Caaporã - PB,109,Área plantada,2023,2023,3800
2503001,Caaporã - PB,216,Área colhida,2023,2023,3800
2503001,Caaporã - PB,214,Quantidade produzida,2023,2023,247000
2503001,Caaporã - PB,112,Rendimento médio da produção,2023,2023,65000
2503001,Caaporã - PB,215,Valor da produção,2023,2023,39520
2503100,Cabaceiras - PB,109,Área plantada,2023,2023,-
2503100,Cabaceiras - PB,216,Área colhida,2023,2023,-
2503100,Cabaceiras - PB,214,Quantidade produzida,2023,2023,-
2503100,Cabaceiras - PB,112,Rendimento médio da produção,2023,2023,-
2503100,Cabaceiras - PB,215,Valor da produção,2023,2023,-
2503209,Cabedelo - PB,109,Área plantada,2023,2023,...
2503209,Cabedelo - PB,216,Área colhida,2023,2023,...
2503209,Cabedelo - PB,214,Quantidade produzida,2023,2023,...
2503209,Cabedelo - PB,112,Rendimento médio da produção,2023,2023,...
2503209,Cabedelo - PB,215,Valor da produção,2023,2023,...
2503308,Cachoeira dos Índios - PB,109,Área plantada,2023,2023,-
2503308,Cachoeira dos Índios - PB,216,Área colhida,2023,2023,-
2503308,Cachoeira dos Índios - PB,214,Quantidade produzida,2023,2023,-
2503308,Cachoeira dos Índios - PB,112,Rendimento médio da produção,2023,2023,-
2503308,Cachoeira dos Índios - PB,215,Valor da produção,2023,2023,-
2503407,Cacimba de Areia - PB,109,Área plantada,2023,2023,-
2503407,Cacimba de Areia - PB,216,Área colhida,2023,2023,-
2503407,Cacimba de Areia - PB,214,Quantidade produzida,2023,2023,-
2503407,Cacimba de Areia - PB,112,Rendimento médio da produção,2023,2023,-
2503407,Cacimba de Areia - PB,215,Valor da produção,2023,2023,-
2503506,Cacimba de Dentro - PB,109,Área plantada,2023,2023,-
2503506,Cacimba de Dentro - PB,216,Área colhida,2023,2023,-
2503506,Cacimba de Dentro - PB,214,Quantidade produzida,2023,2023,-
2503506,Cacimba de Dentro - PB,112,Rendimento médio da produção,2023,2023,-
2503506,Cacimba de Dentro - PB,215,Valor da produção,2023,2023,-
2503555,Cacimbas - PB,109,Área plantada,2023,2023,10
2503555,Cacimbas - PB,216,Área colhida,2023,2023,10
2503555,Cacimbas - PB,214,Quantidade produzida,2023,2023,450
2503555,Cacimbas - PB,112,Rendimento médio da produção,2023,2023,45000
2503555,Cacimbas - PB,215,Valor da produção,2023,2023,77
2503605,Caiçara - PB,109,Área plantada,2023,2023,-
2503605,Caiçara - PB,216,Área colhida,2023,2023,-
2503605,Caiçara - PB,214,Quantidade produzida,2023,2023,-
2503605,Caiçara - PB,112,Rendimento médio da produção,2023,2023,-
2503605,Caiçara - PB,215,Valor da produção,2023,2023,-
2503704,Cajazeiras - PB,109,Área plantada,2023,2023,8
2503704,Cajazeiras - PB,216,Área colhida,2023,2023,8
2503704,Cajazeiras - PB,214,Quantidade produzida,2023,2023,320
2503704,Cajazeiras - PB,112,Rendimento médio da produção,2023,2023,40000
2503704,Cajazeiras - PB,215,Valor da produção,2023,2023,54
2503753,Cajazeirinhas - PB,109,Área plantada,2023,2023,-
2503753,Cajazeirinhas - PB,216,Área colhida,2023,2023,-
2503753,Cajazeirinhas - PB,214,Quantidade produzida,2023,2023,-
2503753,Cajazeirinhas - PB,112,Rendimento médio da produção,2023,2023,-
2503753,Cajazeirinhas - PB,215,Valor da produção,2023,2023,-
2503803,Caldas Brandão - PB,109,Área plantada,2023,2023,120
2503803,Caldas Brandão - PB,216,Área colhida,2023,2023,120
2503803,Caldas Brandão - PB,214,Quantidade produzida,2023,2023,6600
2503803,Caldas Brandão - PB,112,Rendimento médio da produção,2023,2023,55000
2503803,Caldas Brandão - PB,215,Valor da produção,2023,2023,1122
2503902,Camalaú - PB,109,Área plantada,2023,2023,-
2503902,Camalaú - PB,216,Área colhida,2023,2023,-
2503902,Camalaú - PB,214,Quantidade produzida,2023,2023,-
2503902,Camalaú - PB,112,Rendimento médio da produção,2023,2023,-
2503902,Camalaú - PB,215,Valor da produção,2023,2023,-
2504009,Campina Grande - PB,109,Área plantada,2023,2023,-
2504009,Campina Grande - PB,216,Área colhida,2023,2023,-
2504009,Campina Grande - PB,214,Quantidade produzida,2023,2023,-
2504009,Campina Grande - PB,112,Rendimento médio da produção,2023,2023,-
2504009,Campina Grande - PB,215,Valor da produção,2023,2023,-
2504033,Capim - PB,109,Área plantada,2023,2023,2160
2504033,Capim - PB,216,Área colhida,2023,2023,2160
2504033,Capim - PB,214,Quantidade produzida,2023,2023,140400
2504033,Capim - PB,112,Rendimento médio da produção,2023,2023,65000
2504033,Capim - PB,215,Valor da produção,2023,2023,23587
2504074,Caraúbas - PB,109,Área plantada,2023,2023,-
2504074,Caraúbas - PB,216,Área colhida,2023,2023,-
2504074,Caraúbas - PB,214,Quantidade produzida,2023,2023,-
2504074,Caraúbas - PB,112,Rendimento médio da produção,2023,2023,-
2504074,Caraúbas - PB,215,Valor da produção,2023,2023,-
2504108,Carrapateira - PB,109,Área plantada,2023,2023,-
2504108,Carrapateira - PB,216,Área colhida,2023,2023,-
2504108,Carrapateira - PB,214,Quantidade produzida,2023,2023,-
2504108,Carrapateira - PB,112,Rendimento médio da produção,2023,2023,-
2504108,Carrapateira - PB,215,Valor da produção,2023,2023,-
2504157,Casserengue - PB,109,Área plantada,2023,2023,-
2504157,Casserengue - PB,216,Área colhida,2023,2023,-
2504157,Casserengue - PB,214,Quantidade produzida,2023,2023,-
2504157,Casserengue - PB,112,Rendimento médio da produção,2023,2023,-
2504157,Casserengue - PB,215,Valor da produção,2023,2023,-
2504207,Catingueira - PB,109,Área plantada,2023,2023,8
2504207,Catingueira - PB,216,Área colhida,2023,2023,8
2504207,Catingueira - PB,214,Quantidade produzida,2023,2023,360
2504207,Catingueira - PB,112,Rendimento médio da produção,2023,2023,45000
2504207,Catingueira - PB,215,Valor da produção,2023,2023,61
2504306,Catolé do Rocha - PB,109,Área plantada,2023,2023,-
2504306,Catolé do Rocha - PB,216,Área colhida,2023,2023,-
2504306,Catolé do Rocha - PB,214,Quantidade produzida,2023,2023,-
2504306,Catolé do Rocha - PB,112,Rendimento médio da produção,2023,2023,-
2504306,Catolé do Rocha - PB,215,Valor da produção,2023,2023,-
2504355,Caturité - PB,109,Área plantada,2023,2023,-
2504355,Caturité - PB,216,Área colhida,2023,2023,-
2504355,Caturité - PB,214,Quantidade produzida,2023,2023,-
2504355,Caturité - PB,112,Rendimento médio da produção,2023,2023,-
2504355,Caturité - PB,215,Valor da produção,2023,2023,-
2504405,Conceição - PB,109,Área plantada,2023,2023,20
2504405,Conceição - PB,216,Área colhida,2023,2023,20
2504405,Conceição - PB,214,Quantidade produzida,2023,2023,800
2504405,Conceição - PB,112,Rendimento médio da produção,2023,2023,40000
2504405,Conceição - PB,215,Valor da produção,2023,2023,120
2504504,Condado - PB,109,Área plantada,2023,2023,-
2504504,Condado - PB,216,Área colhida,2023,2023,-
2504504,Condado - PB,214,Quantidade produzida,2023,2023,-
2504504,Condado - PB,112,Rendimento médio da produção,2023,2023,-
2504504,Condado - PB,215,Valor da produção,2023,2023,-
2504603,Conde - PB,109,Área plantada,2023,2023,450
2504603,Conde - PB,216,Área colhida,2023,2023,450
2504603,Conde - PB,214,Quantidade produzida,2023,2023,29250
2504603,Conde - PB,112,Rendimento médio da produção,2023,2023,65000
2504603,Conde - PB,215,Valor da produção,2023,2023,4680
2504702,Congo - PB,109,Área plantada,2023,2023,-
2504702,Congo - PB,216,Área colhida,2023,2023,-
2504702,Congo - PB,214,Quantidade produzida,2023,2023,-
2504702,Congo - PB,112,Rendimento médio da produção,2023,2023,-
2504702,Congo - PB,215,Valor da produção,2023,2023,-
2504801,Coremas - PB,109,Área plantada,2023,2023,-
2504801,Coremas - PB,216,Área colhida,2023,2023,-
2504801,Coremas - PB,214,Quantidade produzida,2023,2023,-
2504801,Coremas - PB,112,Rendimento médio da produção,2023,2023,-
2504801,Coremas - PB,215,Valor da produção,2023,2023,-
2504850,Coxixola - PB,109,Área plantada,2023,2023,-
2504850,Coxixola - PB,216,Área colhida,2023,2023,-
2504850,Coxixola - PB,214,Quantidade produzida,2023,2023,-
2504850,Coxixola - PB,112,Rendimento médio da produção,2023,2023,-
2504850,Coxixola - PB,215,Valor da produção,2023,2023,-
2504900,Cruz do Espírito Santo - PB,109,Área plantada,2023,2023,6500
2504900,Cruz do Espírito Santo - PB,216,Área colhida,2023,2023,6500
2504900,Cruz do Espírito Santo - PB,214,Quantidade produzida,2023,2023,422500
2504900,Cruz do Espírito Santo - PB,112,Rendimento médio da produção,2023,2023,65000
2504900,Cruz do Espírito Santo - PB,215,Valor da produção,2023,2023,70980
2505006,Cubati - PB,109,Área plantada,2023,2023,-
2505006,Cubati - PB,216,Área colhida,2023,2023,-
2505006,Cubati - PB,214,Quantidade produzida,2023,2023,-
2505006,Cubati - PB,112,Rendimento médio da produção,2023,2023,-
2505006,Cubati - PB,215,Valor da produção,2023,2023,-
2505105,Cuité - PB,109,Área plantada,2023,2023,-
2505105,Cuité - PB,216,Área colhida,2023,2023,-
2505105,Cuité - PB,214,Quantidade produzida,2023,2023,-
2505105,Cuité - PB,112,Rendimento médio da produção,2023,2023,-
2505105,Cuité - PB,215,Valor da produção,2023,2023,-
2505204,Cuitegi - PB,109,Área plantada,2023,2023,165
2505204,Cuitegi - PB,216,Área colhida,2023,2023,165
2505204,Cuitegi - PB,214,Quantidade produzida,2023,2023,8250
2505204,Cuitegi - PB,112,Rendimento médio da produção,2023,2023,50000
2505204,Cuitegi - PB,215,Valor da produção,2023,2023,1419
2505238,Cuité de Mamanguape - PB,109,Área plantada,2023,2023,500
2505238,Cuité de Mamanguape - PB,216,Área colhida,2023,2023,500
2505238,Cuité de Mamanguape - PB,214,Quantidade produzida,2023,2023,32500
2505238,Cuité de Mamanguape - PB,112,Rendimento médio da produção,2023,2023,65000
2505238,Cuité de Mamanguape - PB,215,Valor da produção,2023,2023,5460
2505279,Curral de Cima - PB,109,Área plantada,2023,2023,880
2505279,Curral de Cima - PB,216,Área colhida,2023,2023,880
2505279,Curral de Cima - PB,214,Quantidade produzida,2023,2023,57200
2505279,Curral de Cima - PB,112,Rendimento médio da produção,2023,2023,65000
2505279,Curral de Cima - PB,215,Valor da produção,2023,2023,9152
2505303,Curral Velho - PB,109,Área plantada,2023,2023,5
2505303,Curral Velho - PB,216,Área colhida,2023,2023,5
2505303,Curral Velho - PB,214,Quantidade produzida,2023,2023,200
2505303,Curral Velho - PB,112,Rendimento médio da produção,2023,2023,40000
2505303,Curral Velho - PB,215,Valor da produção,2023,2023,34
2505352,Damião - PB,109,Área plantada,2023,2023,-
2505352,Damião - PB,216,Área colhida,2023,2023,-
2505352,Damião - PB,214,Quantidade produzida,2023,2023,-
2505352,Damião - PB,112,Rendimento médio da produção,2023,2023,-
2505352,Damião - PB,215,Valor da produção,2023,2023,-
2505402,Desterro - PB,109,Área plantada,2023,2023,4
2505402,Desterro - PB,216,Área colhida,2023,2023,4
2505402,Desterro - PB,214,Quantidade produzida,2023,2023,160
2505402,Desterro - PB,112,Rendimento médio da produção,2023,2023,40000
2505402,Desterro - PB,215,Valor da produção,2023,2023,24
2505501,Vista Serrana - PB,109,Área plantada,2023,2023,-
2505501,Vista Serrana - PB,216,Área colhida,2023,2023,-
2505501,Vista Serrana - PB,214,Quantidade produzida,2023,2023,-
2505501,Vista Serrana - PB,112,Rendimento médio da produção,2023,2023,-
2505501,Vista Serrana - PB,215,Valor da produção,2023,2023,-
2505600,Diamante - PB,109,Área plantada,2023,2023,4
2505600,Diamante - PB,216,Área colhida,2023,2023,4
2505600,Diamante - PB,214,Quantidade produzida,2023,2023,160
2505600,Diamante - PB,112,Rendimento médio da produção,2023,2023,40000
2505600,Diamante - PB,215,Valor da produção,2023,2023,26
2505709,Dona Inês - PB,109,Área plantada,2023,2023,-
2505709,Dona Inês - PB,216,Área colhida,2023,2023,-
2505709,Dona Inês - PB,214,Quantidade produzida,2023,2023,-
2505709,Dona Inês - PB,112,Rendimento médio da produção,2023,2023,-
2505709,Dona Inês - PB,215,Valor da produção,2023,2023,-
2505808,Duas Estradas - PB,109,Área plantada,2023,2023,35
2505808,Duas Estradas - PB,216,Área colhida,2023,2023,35
2505808,Duas Estradas - PB,214,Quantidade produzida,2023,2023,1750
2505808,Duas Estradas - PB,112,Rendimento médio da produção,2023,2023,50000
2505808,Duas Estradas - PB,215,Valor da produção,2023,2023,298
2505907,Emas - PB,109,Área plantada,2023,2023,-
2505907,Emas - PB,216,Área colhida,2023,2023,-
2505907,Emas - PB,214,Quantidade produzida,2023,2023,-
2505907,Emas - PB,112,Rendimento médio da produção,2023,2023,-
2505907,Emas - PB,215,Valor da produção,2023,2023,-
2506004,Esperança - PB,109,Área plantada,2023,2023,-
2506004,Esperança - PB,216,Área colhida,2023,2023,-
2506004,Esperança - PB,214,Quantidade produzida,2023,2023,-
2506004,Esperança - PB,112,Rendimento médio da produção,2023,2023,-
2506004,Esperança - PB,215,Valor da produção,2023,2023,-
2506103,Fagundes - PB,109,Área plantada,2023,2023,-
2506103,Fagundes - PB,216,Área colhida,2023,2023,-
2506103,Fagundes - PB,214,Quantidade produzida,2023,2023,-
2506103,Fagundes - PB,112,Rendimento médio da produção,2023,2023,-
2506103,Fagundes - PB,215,Valor da produção,2023,2023,-
2506202,Frei Martinho - PB,109,Área plantada,2023,2023,-
2506202,Frei Martinho - PB,216,Área colhida,2023,2023,-
2506202,Frei Martinho - PB,214,Quantidade produzida,2023,2023,-
2506202,Frei Martinho - PB,112,Rendimento médio da produção,2023,2023,-
2506202,Frei Martinho - PB,215,Valor da produção,2023,2023,-
2506251,Gado Bravo - PB,109,Área plantada,2023,2023,-
2506251,Gado Bravo - PB,216,Área colhida,2023,2023,-
2506251,Gado Bravo - PB,214,Quantidade produzida,2023,2023,-
2506251,Gado Bravo - PB,112,Rendimento médio da produção,2023,2023,-
2506251,Gado Bravo - PB,215,Valor da produção,2023,2023,-
2506301,Guarabira - PB,109,Área plantada,2023,2023,80
2506301,Guarabira - PB,216,Área colhida,2023,2023,80
2506301,Guarabira - PB,214,Quantidade produzida,2023,2023,4400
2506301,Guarabira - PB,112,Rendimento médio da produção,2023,2023,55000
2506301,Guarabira - PB,215,Valor da produção,2023,2023,748
2506400,Gurinhém - PB,109,Área plantada,2023,2023,67
2506400,Gurinhém - PB,216,Área colhida,2023,2023,67
2506400,Gurinhém - PB,214,Quantidade produzida,2023,2023,4355
2506400,Gurinhém - PB,112,Rendimento médio da produção,2023,2023,65000
2506400,Gurinhém - PB,215,Valor da produção,2023,2023,675
2506509,Gurjão - PB,109,Área plantada,2023,2023,-
2506509,Gurjão - PB,216,Área colhida,2023,2023,-
2506509,Gurjão - PB,214,Quantidade produzida,2023,2023,-
2506509,Gurjão - PB,112,Rendimento médio da produção,2023,2023,-
2506509,Gurjão - PB,215,Valor da produção,2023,2023,-
2506608,Ibiara - PB,109,Área plantada,2023,2023,5
2506608,Ibiara - PB,216,Área colhida,2023,2023,5
2506608,Ibiara - PB,214,Quantidade produzida,2023,2023,210
2506608,Ibiara - PB,112,Rendimento médio da produção,2023,2023,42000
2506608,Ibiara - PB,215,Valor da produção,2023,2023,35
2506707,Imaculada - PB,109,Área plantada,2023,2023,2
2506707,Imaculada - PB,216,Área colhida,2023,2023,2
2506707,Imaculada - PB,214,Quantidade produzida,2023,2023,60
2506707,Imaculada - PB,112,Rendimento médio da produção,2023,2023,30000
2506707,Imaculada - PB,215,Valor da produção,2023,2023,10
2506806,Ingá - PB,109,Área plantada,2023,2023,-
2506806,Ingá - PB,216,Área colhida,2023,2023,-
2506806,Ingá - PB,214,Quantidade produzida,2023,2023,-
2506806,Ingá - PB,112,Rendimento médio da produção,2023,2023,-
2506806,Ingá - PB,215,Valor da produção,2023,2023,-
2506905,Itabaiana - PB,109,Área plantada,2023,2023,200
2506905,Itabaiana - PB,216,Área colhida,2023,2023,200
2506905,Itabaiana - PB,214,Quantidade produzida,2023,2023,13000
2506905,Itabaiana - PB,112,Rendimento médio da produção,2023,2023,65000
2506905,Itabaiana - PB,215,Valor da produção,2023,2023,2080
2507002,Itaporanga - PB,109,Área plantada,2023,2023,5
2507002,Itaporanga - PB,216,Área colhida,2023,2023,5
2507002,Itaporanga - PB,214,Quantidade produzida,2023,2023,210
2507002,Itaporanga - PB,112,Rendimento médio da produção,2023,2023,42000
2507002,Itaporanga - PB,215,Valor da produção,2023,2023,34
2507101,Itapororoca - PB,109,Área plantada,2023,2023,2600
2507101,Itapororoca - PB,216,Área colhida,2023,2023,2600
2507101,Itapororoca - PB,214,Quantidade produzida,2023,2023,162500
2507101,Itapororoca - PB,112,Rendimento médio da produção,2023,2023,62500
2507101,Itapororoca - PB,215,Valor da produção,2023,2023,26000
2507200,Itatuba - PB,109,Área plantada,2023,2023,-
2507200,Itatuba - PB,216,Área colhida,2023,2023,-
2507200,Itatuba - PB,214,Quantidade produzida,2023,2023,-
2507200,Itatuba - PB,112,Rendimento médio da produção,2023,2023,-
2507200,Itatuba - PB,215,Valor da produção,2023,2023,-
2507309,Jacaraú - PB,109,Área plantada,2023,2023,2600
2507309,Jacaraú - PB,216,Área colhida,2023,2023,2600
2507309,Jacaraú - PB,214,Quantidade produzida,2023,2023,169000
2507309,Jacaraú - PB,112,Rendimento médio da produção,2023,2023,65000
2507309,Jacaraú - PB,215,Valor da produção,2023,2023,27885
2507408,Jericó - PB,109,Área plantada,2023,2023,-
2507408,Jericó - PB,216,Área colhida,2023,2023,-
2507408,Jericó - PB,214,Quantidade produzida,2023,2023,-
2507408,Jericó - PB,112,Rendimento médio da produção,2023,2023,-
2507408,Jericó - PB,215,Valor da produção,2023,2023,-
2507507,João Pessoa - PB,109,Área plantada,2023,2023,35
2507507,João Pessoa - PB,216,Área colhida,2023,2023,35
2507507,João Pessoa - PB,214,Quantidade produzida,2023,2023,2275
2507507,João Pessoa - PB,112,Rendimento médio da produção,2023,2023,65000
2507507,João Pessoa - PB,215,Valor da produção,2023,2023,353
2507606,Juarez Távora - PB,109,Área plantada,2023,2023,-
2507606,Juarez Távora - PB,216,Área colhida,2023,2023,-
2507606,Juarez Távora - PB,214,Quantidade produzida,2023,2023,-
2507606,Juarez Távora - PB,112,Rendimento médio da produção,2023,2023,-
2507606,Juarez Távora - PB,215,Valor da produção,2023,2023,-
2507705,Juazeirinho - PB,109,Área plantada,2023,2023,-
2507705,Juazeirinho - PB,216,Área colhida,2023,2023,-
2507705,Juazeirinho - PB,214,Quantidade produzida,2023,2023,-
2507705,Juazeirinho - PB,112,Rendimento médio da produção,2023,2023,-
2507705,Juazeirinho - PB,215,Valor da produção,2023,2023,-
2507804,Junco do Seridó - PB,109,Área plantada,2023,2023,-
2507804,Junco do Seridó - PB,216,Área colhida,2023,2023,-
2507804,Junco do Seridó - PB,214,Quantidade produzida,2023,2023,-
2507804,Junco do Seridó - PB,112,Rendimento médio da produção,2023,2023,-
2507804,Junco do Seridó - PB,215,Valor da produção,2023,2023,-
2507903,Juripiranga - PB,109,Área plantada,2023,2023,3800
2507903,Juripiranga - PB,216,Área colhida,2023,2023,3800
2507903,Juripiranga - PB,214,Quantidade produzida,2023,2023,247000
2507903,Juripiranga - PB,112,Rendimento médio da produção,2023,2023,65000
2507903,Juripiranga - PB,215,Valor da produção,2023,2023,39520
2508000,Juru - PB,109,Área plantada,2023,2023,15
2508000,Juru - PB,216,Área colhida,2023,2023,15
2508000,Juru - PB,214,Quantidade produzida,2023,2023,600
2508000,Juru - PB,112,Rendimento médio da produção,2023,2023,40000
2508000,Juru - PB,215,Valor da produção,2023,2023,102
2508109,Lagoa - PB,109,Área plantada,2023,2023,-
2508109,Lagoa - PB,216,Área colhida,2023,2023,-
2508109,Lagoa - PB,214,Quantidade produzida,2023,2023,-
2508109,Lagoa - PB,112,Rendimento médio da produção,2023,2023,-
2508109,Lagoa - PB,215,Valor da produção,2023,2023,-
2508208,Lagoa de Dentro - PB,109,Área plantada,2023,2023,-
2508208,Lagoa de Dentro - PB,216,Área colhida,2023,2023,-
2508208,Lagoa de Dentro - PB,214,Quantidade produzida,2023,2023,-
2508208,Lagoa de Dentro - PB,112,Rendimento médio da produção,2023,2023,-
2508208,Lagoa de Dentro - PB,215,Valor da produção,2023,2023,-
2508307,Lagoa Seca - PB,109,Área plantada,2023,2023,-
2508307,Lagoa Seca - PB,216,Área colhida,2023,2023,-
2508307,Lagoa Seca - PB,214,Quantidade produzida,2023,2023,-
2508307,Lagoa Seca - PB,112,Rendimento médio da produção,2023,2023,-
2508307,Lagoa Seca - PB,215,Valor da produção,2023,2023,-
2508406,Lastro - PB,109,Área plantada,2023,2023,-
2508406,Lastro - PB,216,Área colhida,2023,2023,-
2508406,Lastro - PB,214,Quantidade produzida,2023,2023,-
2508406,Lastro - PB,112,Rendimento médio da produção,2023,2023,-
2508406,Lastro - PB,215,Valor da produção,2023,2023,-
2508505,Livramento - PB,109,Área plantada,2023,2023,-
2508505,Livramento - PB,216,Área colhida,2023,2023,-
2508505,Livramento - PB,214,Quantidade produzida,2023,2023,-
2508505,Livramento - PB,112,Rendimento médio da produção,2023,2023,-
2508505,Livramento - PB,215,Valor da produção,2023,2023,-
2508554,Logradouro - PB,109,Área plantada,2023,2023,-
2508554,Logradouro - PB,216,Área colhida,2023,2023,-
2508554,Logradouro - PB,214,Quantidade produzida,2023,2023,-
2508554,Logradouro - PB,112,Rendimento médio da produção,2023,2023,-
2508554,Logradouro - PB,215,Valor da produção,2023,2023,-
2508604,Lucena - PB,109,Área plantada,2023,2023,2200
2508604,Lucena - PB,216,Área colhida,2023,2023,2200
2508604,Lucena - PB,214,Quantidade produzida,2023,2023,143000
2508604,Lucena - PB,112,Rendimento médio da produção,2023,2023,65000
2508604,Lucena - PB,215,Valor da produção,2023,2023,22165
2508703,Mãe d'Água - PB,109,Área plantada,2023,2023,-
2508703,Mãe d'Água - PB,216,Área colhida,2023,2023,-
2508703,Mãe d'Água - PB,214,Quantidade produzida,2023,2023,-
2508703,Mãe d'Água - PB,112,Rendimento médio da produção,2023,2023,-
2508703,Mãe d'Água - PB,215,Valor da produção,2023,2023,-
2508802,Malta - PB,109,Área plantada,2023,2023,-
2508802,Malta - PB,216,Área colhida,2023,2023,-
2508802,Malta - PB,214,Quantidade produzida,2023,2023,-
2508802,Malta - PB,112,Rendimento médio da produção,2023,2023,-
2508802,Malta - PB,215,Valor da produção,2023,2023,-
2508901,Mamanguape - PB,109,Área plantada,2023,2023,9700
2508901,Mamanguape - PB,216,Área colhida,2023,2023,9700
2508901,Mamanguape - PB,214,Quantidade produzida,2023,2023,630500
2508901,Mamanguape - PB,112,Rendimento médio da produção,2023,2023,65000
2508901,Mamanguape - PB,215,Valor da produção,2023,2023,97728
2509008,Manaíra - PB,109,Área plantada,2023,2023,-
2509008,Manaíra - PB,216,Área colhida,2023,2023,-
2509008,Manaíra - PB,214,Quantidade produzida,2023,2023,-
2509008,Manaíra - PB,112,Rendimento médio da produção,2023,2023,-
2509008,Manaíra - PB,215,Valor da produção,2023,2023,-
2509057,Marcação - PB,109,Área plantada,2023,2023,3250
2509057,Marcação - PB,216,Área colhida,2023,2023,3250
2509057,Marcação - PB,214,Quantidade produzida,2023,2023,211250
2509057,Marcação - PB,112,Rendimento médio da produção,2023,2023,65000
2509057,Marcação - PB,215,Valor da produção,2023,2023,33800
2509107,Mari - PB,109,Área plantada,2023,2023,2500
2509107,Mari - PB,216,Área colhida,2023,2023,2500
2509107,Mari - PB,214,Quantidade produzida,2023,2023,162500
2509107,Mari - PB,112,Rendimento médio da produção,2023,2023,65000
2509107,Mari - PB,215,Valor da produção,2023,2023,26000
2509156,Marizópolis - PB,109,Área plantada,2023,2023,-
2509156,Marizópolis - PB,216,Área colhida,2023,2023,-
2509156,Marizópolis - PB,214,Quantidade produzida,2023,2023,-
2509156,Marizópolis - PB,112,Rendimento médio da produção,2023,2023,-
2509156,Marizópolis - PB,215,Valor da produção,2023,2023,-
2509206,Massaranduba - PB,109,Área plantada,2023,2023,-
2509206,Massaranduba - PB,216,Área colhida,2023,2023,-
2509206,Massaranduba - PB,214,Quantidade produzida,2023,2023,-
2509206,Massaranduba - PB,112,Rendimento médio da produção,2023,2023,-
2509206,Massaranduba - PB,215,Valor da produção,2023,2023,-
2509305,Mataraca - PB,109,Área plantada,2023,2023,3900
2509305,Mataraca - PB,216,Área colhida,2023,2023,3900
2509305,Mataraca - PB,214,Quantidade produzida,2023,2023,253500
2509305,Mataraca - PB,112,Rendimento médio da produção,2023,2023,65000
2509305,Mataraca - PB,215,Valor da produção,2023,2023,40560
2509339,Matinhas - PB,109,Área plantada,2023,2023,-
2509339,Matinhas - PB,216,Área colhida,2023,2023,-
2509339,Matinhas - PB,214,Quantidade produzida,2023,2023,-
2509339,Matinhas - PB,112,Rendimento médio da produção,2023,2023,-
2509339,Matinhas - PB,215,Valor da produção,2023,2023,-
2509370,Mato Grosso - PB,109,Área plantada,2023,2023,-
2509370,Mato Grosso - PB,216,Área colhida,2023,2023,-
2509370,Mato Grosso - PB,214,Quantidade produzida,2023,2023,-
2509370,Mato Grosso - PB,112,Rendimento médio da produção,2023,2023,-
2509370,Mato Grosso - PB,215,Valor da produção,2023,2023,-
2509396,Maturéia - PB,109,Área plantada,2023,2023,-
2509396,Maturéia - PB,216,Área colhida,2023,2023,-
2509396,Maturéia - PB,214,Quantidade produzida,2023,2023,-
2509396,Maturéia - PB,112,Rendimento médio da produção,2023,2023,-
2509396,Maturéia - PB,215,Valor da produção,2023,2023,-
2509404,Mogeiro - PB,109,Área plantada,2023,2023,-
2509404,Mogeiro - PB,216,Área colhida,2023,2023,-
2509404,Mogeiro - PB,214,Quantidade produzida,2023,2023,-
2509404,Mogeiro - PB,112,Rendimento médio da produção,2023,2023,-
2509404,Mogeiro - PB,215,Valor da produção,2023,2023,-
2509503,Montadas - PB,109,Área plantada,2023,2023,-
2509503,Montadas - PB,216,Área colhida,2023,2023,-
2509503,Montadas - PB,214,Quantidade produzida,2023,2023,-
2509503,Montadas - PB,112,Rendimento médio da produção,2023,2023,-
2509503,Montadas - PB,215,Valor da produção,2023,2023,-
2509602,Monte Horebe - PB,109,Área plantada,2023,2023,-
2509602,Monte Horebe - PB,216,Área colhida,2023,2023,-
2509602,Monte Horebe - PB,214,Quantidade produzida,2023,2023,-
2509602,Monte Horebe - PB,112,Rendimento médio da produção,2023,2023,-
2509602,Monte Horebe - PB,215,Valor da produção,2023,2023,-
2509701,Monteiro - PB,109,Área plantada,2023,2023,-
2509701,Monteiro - PB,216,Área colhida,2023,2023,-
2509701,Monteiro - PB,214,Quantidade produzida,2023,2023,-
2509701,Monteiro - PB,112,Rendimento médio da produção,2023,2023,-
2509701,Monteiro - PB,215,Valor da produção,2023,2023,-
2509800,Mulungu - PB,109,Área plantada,2023,2023,-
2509800,Mulungu - PB,216,Área colhida,2023,2023,-
2509800,Mulungu - PB,214,Quantidade produzida,2023,2023,-
2509800,Mulungu - PB,112,Rendimento médio da produção,2023,2023,-
2509800,Mulungu - PB,215,Valor da produção,2023,2023,-
2509909,Natuba - PB,109,Área plantada,2023,2023,-
2509909,Natuba - PB,216,Área colhida,2023,2023,-
2509909,Natuba - PB,214,Quantidade produzida,2023,2023,-
2509909,Natuba - PB,112,Rendimento médio da produção,2023,2023,-
2509909,Natuba - PB,215,Valor da produção,2023,2023,-
2510006,Nazarezinho - PB,109,Área plantada,2023,2023,15
2510006,Nazarezinho - PB,216,Área colhida,2023,2023,15
2510006,Nazarezinho - PB,214,Quantidade produzida,2023,2023,600
2510006,Nazarezinho - PB,112,Rendimento médio da produção,2023,2023,40000
2510006,Nazarezinho - PB,215,Valor da produção,2023,2023,102
2510105,Nova Floresta - PB,109,Área plantada,2023,2023,-
2510105,Nova Floresta - PB,216,Área colhida,2023,2023,-
2510105,Nova Floresta - PB,214,Quantidade produzida,2023,2023,-
2510105,Nova Floresta - PB,112,Rendimento médio da produção,2023,2023,-
2510105,Nova Floresta - PB,215,Valor da produção,2023,2023,-
2510204,Nova Olinda - PB,109,Área plantada,2023,2023,2
2510204,Nova Olinda - PB,216,Área colhida,2023,2023,2
2510204,Nova Olinda - PB,214,Quantidade produzida,2023,2023,90
2510204,Nova Olinda - PB,112,Rendimento médio da produção,2023,2023,45000
2510204,Nova Olinda - PB,215,Valor da produção,2023,2023,14
2510303,Nova Palmeira - PB,109,Área plantada,2023,2023,-
2510303,Nova Palmeira - PB,216,Área colhida,2023,2023,-
2510303,Nova Palmeira - PB,214,Quantidade produzida,2023,2023,-
2510303,Nova Palmeira - PB,112,Rendimento médio da produção,2023,2023,-
2510303,Nova Palmeira - PB,215,Valor da produção,2023,2023,-
2510402,Olho d'Água - PB,109,Área plantada,2023,2023,8
2510402,Olho d'Água - PB,216,Área colhida,2023,2023,8
2510402,Olho d'Água - PB,214,Quantidade produzida,2023,2023,280
2510402,Olho d'Água - PB,112,Rendimento médio da produção,2023,2023,35000
2510402,Olho d'Água - PB,215,Valor da produção,2023,2023,42
2510501,Olivedos - PB,109,Área plantada,2023,2023,-
2510501,Olivedos - PB,216,Área colhida,2023,2023,-
2510501,Olivedos - PB,214,Quantidade produzida,2023,2023,-
2510501,Olivedos - PB,112,Rendimento médio da produção,2023,2023,-
2510501,Olivedos - PB,215,Valor da produção,2023,2023,-
2510600,Ouro Velho - PB,109,Área plantada,2023,2023,-
2510600,Ouro Velho - PB,216,Área colhida,2023,2023,-
2510600,Ouro Velho - PB,214,Quantidade produzida,2023,2023,-
2510600,Ouro Velho - PB,112,Rendimento médio da produção,2023,2023,-
2510600,Ouro Velho - PB,215,Valor da produção,2023,2023,-
2510659,Parari - PB,109,Área plantada,2023,2023,-
2510659,Parari - PB,216,Área colhida,2023,2023,-
2510659,Parari - PB,214,Quantidade produzida,2023,2023,-
2510659,Parari - PB,112,Rendimento médio da produção,2023,2023,-
2510659,Parari - PB,215,Valor da produção,2023,2023,-
2510709,Passagem - PB,109,Área plantada,2023,2023,-
2510709,Passagem - PB,216,Área colhida,2023,2023,-
2510709,Passagem - PB,214,Quantidade produzida,2023,2023,-
2510709,Passagem - PB,112,Rendimento médio da produção,2023,2023,-
2510709,Passagem - PB,215,Valor da produção,2023,2023,-
2510808,Patos - PB,109,Área plantada,2023,2023,2
2510808,Patos - PB,216,Área colhida,2023,2023,2
2510808,Patos - PB,214,Quantidade produzida,2023,2023,64
2510808,Patos - PB,112,Rendimento médio da produção,2023,2023,32000
2510808,Patos - PB,215,Valor da produção,2023,2023,10
2510907,Paulista - PB,109,Área plantada,2023,2023,20
2510907,Paulista - PB,216,Área colhida,2023,2023,20
2510907,Paulista - PB,214,Quantidade produzida,2023,2023,800
2510907,Paulista - PB,112,Rendimento médio da produção,2023,2023,40000
2510907,Paulista - PB,215,Valor da produção,2023,2023,128
2511004,Pedra Branca - PB,109,Área plantada,2023,2023,5
2511004,Pedra Branca - PB,216,Área colhida,2023,2023,5
2511004,Pedra Branca - PB,214,Quantidade produzida,2023,2023,225
2511004,Pedra Branca - PB,112,Rendimento médio da produção,2023,2023,45000
2511004,Pedra Branca - PB,215,Valor da produção,2023,2023,36
2511103,Pedra Lavrada - PB,109,Área plantada,2023,2023,-
2511103,Pedra Lavrada - PB,216,Área colhida,2023,2023,-
2511103,Pedra Lavrada - PB,214,Quantidade produzida,2023,2023,-
2511103,Pedra Lavrada - PB,112,Rendimento médio da produção,2023,2023,-
2511103,Pedra Lavrada - PB,215,Valor da produção,2023,2023,-
2511202,Pedras de Fogo - PB,109,Área plantada,2023,2023,18000
2511202,Pedras de Fogo - PB,216,Área colhida,2023,2023,18000
2511202,Pedras de Fogo - PB,214,Quantidade produzida,2023,2023,1170000
2511202,Pedras de Fogo - PB,112,Rendimento médio da produção,2023,2023,65000
2511202,Pedras de Fogo - PB,215,Valor da produção,2023,2023,187200
2511301,Piancó - PB,109,Área plantada,2023,2023,-
2511301,Piancó - PB,216,Área colhida,2023,2023,-
2511301,Piancó - PB,214,Quantidade produzida,2023,2023,-
2511301,Piancó - PB,112,Rendimento médio da produção,2023,2023,-
2511301,Piancó - PB,215,Valor da produção,2023,2023,-
2511400,Picuí - PB,109,Área plantada,2023,2023,-
2511400,Picuí - PB,216,Área colhida,2023,2023,-
2511400,Picuí - PB,214,Quantidade produzida,2023,2023,-
2511400,Picuí - PB,112,Rendimento médio da produção,2023,2023,-
2511400,Picuí - PB,215,Valor da produção,2023,2023,-
2511509,Pilar - PB,109,Área plantada,2023,2023,200
2511509,Pilar - PB,216,Área colhida,2023,2023,200
2511509,Pilar - PB,214,Quantidade produzida,2023,2023,13000
2511509,Pilar - PB,112,Rendimento médio da produção,2023,2023,65000
2511509,Pilar - PB,215,Valor da produção,2023,2023,2015
2511608,Pilões - PB,109,Área plantada,2023,2023,150
2511608,Pilões - PB,216,Área colhida,2023,2023,150
2511608,Pilões - PB,214,Quantidade produzida,2023,2023,8250
2511608,Pilões - PB,112,Rendimento médio da produção,2023,2023,55000
2511608,Pilões - PB,215,Valor da produção,2023,2023,1403
2511707,Pilõezinhos - PB,109,Área plantada,2023,2023,25
2511707,Pilõezinhos - PB,216,Área colhida,2023,2023,25
2511707,Pilõezinhos - PB,214,Quantidade produzida,2023,2023,1125
2511707,Pilõezinhos - PB,112,Rendimento médio da produção,2023,2023,45000
2511707,Pilõezinhos - PB,215,Valor da produção,2023,2023,191
2511806,Pirpirituba - PB,109,Área plantada,2023,2023,100
2511806,Pirpirituba - PB,216,Área colhida,2023,2023,100
2511806,Pirpirituba - PB,214,Quantidade produzida,2023,2023,6500
2511806,Pirpirituba - PB,112,Rendimento médio da produção,2023,2023,65000
2511806,Pirpirituba - PB,215,Valor da produção,2023,2023,1040
2511905,Pitimbu - PB,109,Área plantada,2023,2023,1200
2511905,Pitimbu - PB,216,Área colhida,2023,2023,1200
2511905,Pitimbu - PB,214,Quantidade produzida,2023,2023,78000
2511905,Pitimbu - PB,112,Rendimento médio da produção,2023,2023,65000
2511905,Pitimbu - PB,215,Valor da produção,2023,2023,13260
2512002,Pocinhos - PB,109,Área plantada,2023,2023,-
2512002,Pocinhos - PB,216,Área colhida,2023,2023,-
2512002,Pocinhos - PB,214,Quantidade produzida,2023,2023,-
2512002,Pocinhos - PB,112,Rendimento médio da produção,2023,2023,-
2512002,Pocinhos - PB,215,Valor da produção,2023,2023,-
2512036,Poço Dantas - PB,109,Área plantada,2023,2023,-
2512036,Poço Dantas - PB,216,Área colhida,2023,2023,-
2512036,Poço Dantas - PB,214,Quantidade produzida,2023,2023,-
2512036,Poço Dantas - PB,112,Rendimento médio da produção,2023,2023,-
2512036,Poço Dantas - PB,215,Valor da produção,2023,2023,-
2512077,Poço de José de Moura - PB,109,Área plantada,2023,2023,-
2512077,Poço de José de Moura - PB,216,Área colhida,2023,2023,-
2512077,Poço de José de Moura - PB,214,Quantidade produzida,2023,2023,-
2512077,Poço de José de Moura - PB,112,Rendimento médio da produção,2023,2023,-
2512077,Poço de José de Moura - PB,215,Valor da produção,2023,2023,-
2512101,Pombal - PB,109,Área plantada,2023,2023,-
2512101,Pombal - PB,216,Área colhida,2023,2023,-
2512101,Pombal - PB,214,Quantidade produzida,2023,2023,-
2512101,Pombal - PB,112,Rendimento médio da produção,2023,2023,-
2512101,Pombal - PB,215,Valor da produção,2023,2023,-
2512200,Prata - PB,109,Área plantada,2023,2023,-
2512200,Prata - PB,216,Área colhida,2023,2023,-
2512200,Prata - PB,214,Quantidade produzida,2023,2023,-
2512200,Prata - PB,112,Rendimento médio da produção,2023,2023,-
2512200,Prata - PB,215,Valor da produção,2023,2023,-
2512309,Princesa Isabel - PB,109,Área plantada,2023,2023,4
2512309,Princesa Isabel - PB,216,Área colhida,2023,2023,4
2512309,Princesa Isabel - PB,214,Quantidade produzida,2023,2023,184
2512309,Princesa Isabel - PB,112,Rendimento médio da produção,2023,2023,46000
2512309,Princesa Isabel - PB,215,Valor da produção,2023,2023,29
2512408,Puxinanã - PB,109,Área plantada,2023,2023,-
2512408,Puxinanã - PB,216,Área colhida,2023,2023,-
2512408,Puxinanã - PB,214,Quantidade produzida,2023,2023,-
2512408,Puxinanã - PB,112,Rendimento médio da produção,2023,2023,-
2512408,Puxinanã - PB,215,Valor da produção,2023,2023,-
2512507,Queimadas - PB,109,Área plantada,2023,2023,-
2512507,Queimadas - PB,216,Área colhida,2023,2023,-
2512507,Queimadas - PB,214,Quantidade produzida,2023,2023,-
2512507,Queimadas - PB,112,Rendimento médio da produção,2023,2023,-
2512507,Queimadas - PB,215,Valor da produção,2023,2023,-
2512606,Quixaba - PB,109,Área plantada,2023,2023,-
2512606,Quixaba - PB,216,Área colhida,2023,2023,-
2512606,Quixaba - PB,214,Quantidade produzida,2023,2023,-
2512606,Quixaba - PB,112,Rendimento médio da produção,2023,2023,-
2512606,Quixaba - PB,215,Valor da produção,2023,2023,-
2512705,Remígio - PB,109,Área plantada,2023,2023,-
2512705,Remígio - PB,216,Área colhida,2023,2023,-
2512705,Remígio - PB,214,Quantidade produzida,2023,2023,-
2512705,Remígio - PB,112,Rendimento médio da produção,2023,2023,-
2512705,Remígio - PB,215,Valor da produção,2023,2023,-
2512721,Pedro Régis - PB,109,Área plantada,2023,2023,250
2512721,Pedro Régis - PB,216,Área colhida,2023,2023,250
2512721,Pedro Régis - PB,214,Quantidade produzida,2023,2023,16250
2512721,Pedro Régis - PB,112,Rendimento médio da produção,2023,2023,65000
2512721,Pedro Régis - PB,215,Valor da produção,2023,2023,2519
2512747,Riachão - PB,109,Área plantada,2023,2023,-
2512747,Riachão - PB,216,Área colhida,2023,2023,-
2512747,Riachão - PB,214,Quantidade produzida,2023,2023,-
2512747,Riachão - PB,112,Rendimento médio da produção,2023,2023,-
2512747,Riachão - PB,215,Valor da produção,2023,2023,-
2512754,Riachão do Bacamarte - PB,109,Área plantada,2023,2023,-
2512754,Riachão do Bacamarte - PB,216,Área colhida,2023,2023,-
2512754,Riachão do Bacamarte - PB,214,Quantidade produzida,2023,2023,-
2512754,Riachão do Bacamarte - PB,112,Rendimento médio da produção,2023,2023,-
2512754,Riachão do Bacamarte - PB,215,Valor da produção,2023,2023,-
2512762,Riachão do Poço - PB,109,Área plantada,2023,2023,100
2512762,Riachão do Poço - PB,216,Área colhida,2023,2023,100
2512762,Riachão do Poço - PB,214,Quantidade produzida,2023,2023,6500
2512762,Riachão do Poço - PB,112,Rendimento médio da produção,2023,2023,65000
2512762,Riachão do Poço - PB,215,Valor da produção,2023,2023,1008
2512788,Riacho de Santo Antônio - PB,109,Área plantada,2023,2023,-
2512788,Riacho de Santo Antônio - PB,216,Área colhida,2023,2023,-
2512788,Riacho de Santo Antônio - PB,214,Quantidade produzida,2023,2023,-
2512788,Riacho de Santo Antônio - PB,112,Rendimento médio da produção,2023,2023,-
2512788,Riacho de Santo Antônio - PB,215,Valor da produção,2023,2023,-
2512804,Riacho dos Cavalos - PB,109,Área plantada,2023,2023,-
2512804,Riacho dos Cavalos - PB,216,Área colhida,2023,2023,-
2512804,Riacho dos Cavalos - PB,214,Quantidade produzida,2023,2023,-
2512804,Riacho dos Cavalos - PB,112,Rendimento médio da produção,2023,2023,-
2512804,Riacho dos Cavalos - PB,215,Valor da produção,2023,2023,-
2512903,Rio Tinto - PB,109,Área plantada,2023,2023,9600
2512903,Rio Tinto - PB,216,Área colhida,2023,2023,9600
2512903,Rio Tinto - PB,214,Quantidade produzida,2023,2023,624000
2512903,Rio Tinto - PB,112,Rendimento médio da produção,2023,2023,65000
2512903,Rio Tinto - PB,215,Valor da produção,2023,2023,99840
2513000,Salgadinho - PB,109,Área plantada,2023,2023,-
2513000,Salgadinho - PB,216,Área colhida,2023,2023,-
2513000,Salgadinho - PB,214,Quantidade produzida,2023,2023,-
2513000,Salgadinho - PB,112,Rendimento médio da produção,2023,2023,-
2513000,Salgadinho - PB,215,Valor da produção,2023,2023,-
2513109,Salgado de São Félix - PB,109,Área plantada,2023,2023,-
2513109,Salgado de São Félix - PB,216,Área colhida,2023,2023,-
2513109,Salgado de São Félix - PB,214,Quantidade produzida,2023,2023,-
2513109,Salgado de São Félix - PB,112,Rendimento médio da produção,2023,2023,-
2513109,Salgado de São Félix - PB,215,Valor da produção,2023,2023,-
2513158,Santa Cecília - PB,109,Área plantada,2023,2023,-
2513158,Santa Cecília - PB,216,Área colhida,2023,2023,-
2513158,Santa Cecília - PB,214,Quantidade produzida,2023,2023,-
2513158,Santa Cecília - PB,112,Rendimento médio da produção,2023,2023,-
2513158,Santa Cecília - PB,215,Valor da produção,2023,2023,-
2513208,Santa Cruz - PB,109,Área plantada,2023,2023,30
2513208,Santa Cruz - PB,216,Área colhida,2023,2023,30
2513208,Santa Cruz - PB,214,Quantidade produzida,2023,2023,1500
2513208,Santa Cruz - PB,112,Rendimento médio da produção,2023,2023,50000
2513208,Santa Cruz - PB,215,Valor da produção,2023,2023,263
2513307,Santa Helena - PB,109,Área plantada,2023,2023,-
2513307,Santa Helena - PB,216,Área colhida,2023,2023,-
2513307,Santa Helena - PB,214,Quantidade produzida,2023,2023,-
2513307,Santa Helena - PB,112,Rendimento médio da produção,2023,2023,-
2513307,Santa Helena - PB,215,Valor da produção,2023,2023,-
2513356,Santa Inês - PB,109,Área plantada,2023,2023,5
2513356,Santa Inês - PB,216,Área colhida,2023,2023,5
2513356,Santa Inês - PB,214,Quantidade produzida,2023,2023,210
2513356,Santa Inês - PB,112,Rendimento médio da produção,2023,2023,42000
2513356,Santa Inês - PB,215,Valor da produção,2023,2023,34
2513406,Santa Luzia - PB,109,Área plantada,2023,2023,-
2513406,Santa Luzia - PB,216,Área colhida,2023,2023,-
2513406,Santa Luzia - PB,214,Quantidade produzida,2023,2023,-
2513406,Santa Luzia - PB,112,Rendimento médio da produção,2023,2023,-
2513406,Santa Luzia - PB,215,Valor da produção,2023,2023,-
2513505,Santana de Mangueira - PB,109,Área plantada,2023,2023,5
2513505,Santana de Mangueira - PB,216,Área colhida,2023,2023,5
2513505,Santana de Mangueira - PB,214,Quantidade produzida,2023,2023,200
2513505,Santana de Mangueira - PB,112,Rendimento médio da produção,2023,2023,40000
2513505,Santana de Mangueira - PB,215,Valor da produção,2023,2023,30
2513604,Santana dos Garrotes - PB,109,Área plantada,2023,2023,-
2513604,Santana dos Garrotes - PB,216,Área colhida,2023,2023,-
2513604,Santana dos Garrotes - PB,214,Quantidade produzida,2023,2023,-
2513604,Santana dos Garrotes - PB,112,Rendimento médio da produção,2023,2023,-
2513604,Santana dos Garrotes - PB,215,Valor da produção,2023,2023,-
2513653,Joca Claudino - PB,109,Área plantada,2023,2023,-
2513653,Joca Claudino - PB,216,Área colhida,2023,2023,-
2513653,Joca Claudino - PB,214,Quantidade produzida,2023,2023,-
2513653,Joca Claudino - PB,112,Rendimento médio da produção,2023,2023,-
2513653,Joca Claudino - PB,215,Valor da produção,2023,2023,-
2513703,Santa Rita - PB,109,Área plantada,2023,2023,14600
2513703,Santa Rita - PB,216,Área colhida,2023,2023,14600
2513703,Santa Rita - PB,214,Quantidade produzida,2023,2023,949000
2513703,Santa Rita - PB,112,Rendimento médio da produção,2023,2023,65000
2513703,Santa Rita - PB,215,Valor da produção,2023,2023,159432
2513802,Santa Teresinha - PB,109,Área plantada,2023,2023,-
2513802,Santa Teresinha - PB,216,Área colhida,2023,2023,-
2513802,Santa Teresinha - PB,214,Quantidade produzida,2023,2023,-
2513802,Santa Teresinha - PB,112,Rendimento médio da produção,2023,2023,-
2513802,Santa Teresinha - PB,215,Valor da produção,2023,2023,-
2513851,Santo André - PB,109,Área plantada,2023,2023,-
2513851,Santo André - PB,216,Área colhida,2023,2023,-
2513851,Santo André - PB,214,Quantidade produzida,2023,2023,-
2513851,Santo André - PB,112,Rendimento médio da produção,2023,2023,-
2513851,Santo André - PB,215,Valor da produção,2023,2023,-
2513901,São Bento - PB,109,Área plantada,2023,2023,-
2513901,São Bento - PB,216,Área colhida,2023,2023,-
2513901,São Bento - PB,214,Quantidade produzida,2023,2023,-
2513901,São Bento - PB,112,Rendimento médio da produção,2023,2023,-
2513901,São Bento - PB,215,Valor da produção,2023,2023,-
2513927,São Bentinho - PB,109,Área plantada,2023,2023,-
2513927,São Bentinho - PB,216,Área colhida,2023,2023,-
2513927,São Bentinho - PB,214,Quantidade produzida,2023,2023,-
2513927,São Bentinho - PB,112,Rendimento médio da produção,2023,2023,-
2513927,São Bentinho - PB,215,Valor da produção,2023,2023,-
2513943,São Domingos do Cariri - PB,109,Área plantada,2023,2023,-
2513943,São Domingos do Cariri - PB,216,Área colhida,2023,2023,-
2513943,São Domingos do Cariri - PB,214,Quantidade produzida,2023,2023,-
2513943,São Domingos do Cariri - PB,112,Rendimento médio da produção,2023,2023,-
2513943,São Domingos do Cariri - PB,215,Valor da produção,2023,2023,-
2513968,São Domingos - PB,109,Área plantada,2023,2023,-
2513968,São Domingos - PB,216,Área colhida,2023,2023,-
2513968,São Domingos - PB,214,Quantidade produzida,2023,2023,-
2513968,São Domingos - PB,112,Rendimento médio da produção,2023,2023,-
2513968,São Domingos - PB,215,Valor da produção,2023,2023,-
2513984,São Francisco - PB,109,Área plantada,2023,2023,-
2513984,São Francisco - PB,216,Área colhida,2023,2023,-
2513984,São Francisco - PB,214,Quantidade produzida,2023,2023,-
2513984,São Francisco - PB,112,Rendimento médio da produção,2023,2023,-
2513984,São Francisco - PB,215,Valor da produção,2023,2023,-
2514008,São João do Cariri - PB,109,Área plantada,2023,2023,-
2514008,São João do Cariri - PB,216,Área colhida,2023,2023,-
2514008,São João do Cariri - PB,214,Quantidade produzida,2023,2023,-
2514008,São João do Cariri - PB,112,Rendimento médio da produção,2023,2023,-
2514008,São João do Cariri - PB,215,Valor da produção,2023,2023,-
2514107,São João do Tigre - PB,109,Área plantada,2023,2023,-
2514107,São João do Tigre - PB,216,Área colhida,2023,2023,-
2514107,São João do Tigre - PB,214,Quantidade produzida,2023,2023,-
2514107,São João do Tigre - PB,112,Rendimento médio da produção,2023,2023,-
2514107,São João do Tigre - PB,215,Valor da produção,2023,2023,-
2514206,São José da Lagoa Tapada - PB,109,Área plantada,2023,2023,15
2514206,São José da Lagoa Tapada - PB,216,Área colhida,2023,2023,15
2514206,São José da Lagoa Tapada - PB,214,Quantidade produzida,2023,2023,750
2514206,São José da Lagoa Tapada - PB,112,Rendimento médio da produção,2023,2023,50000
2514206,São José da Lagoa Tapada - PB,215,Valor da produção,2023,2023,128
2514305,São José de Caiana - PB,109,Área plantada,2023,2023,4
2514305,São José de Caiana - PB,216,Área colhida,2023,2023,4
2514305,São José de Caiana - PB,214,Quantidade produzida,2023,2023,160
2514305,São José de Caiana - PB,112,Rendimento médio da produção,2023,2023,40000
2514305,São José de Caiana - PB,215,Valor da produção,2023,2023,24
2514404,São José de Espinharas - PB,109,Área plantada,2023,2023,-
2514404,São José de Espinharas - PB,216,Área colhida,2023,2023,-
2514404,São José de Espinharas - PB,214,Quantidade produzida,2023,2023,-
2514404,São José de Espinharas - PB,112,Rendimento médio da produção,2023,2023,-
2514404,São José de Espinharas - PB,215,Valor da produção,2023,2023,-
2514453,São José dos Ramos - PB,109,Área plantada,2023,2023,80
2514453,São José dos Ramos - PB,216,Área colhida,2023,2023,80
2514453,São José dos Ramos - PB,214,Quantidade produzida,2023,2023,4000
2514453,São José dos Ramos - PB,112,Rendimento médio da produção,2023,2023,50000
2514453,São José dos Ramos - PB,215,Valor da produção,2023,2023,680
2514503,São José de Piranhas - PB,109,Área plantada,2023,2023,10
2514503,São José de Piranhas - PB,216,Área colhida,2023,2023,10
2514503,São José de Piranhas - PB,214,Quantidade produzida,2023,2023,400
2514503,São José de Piranhas - PB,112,Rendimento médio da produção,2023,2023,40000
2514503,São José de Piranhas - PB,215,Valor da produção,2023,2023,64
2514552,São José de Princesa - PB,109,Área plantada,2023,2023,40
2514552,São José de Princesa - PB,216,Área colhida,2023,2023,40
2514552,São José de Princesa - PB,214,Quantidade produzida,2023,2023,1600
2514552,São José de Princesa - PB,112,Rendimento médio da produção,2023,2023,40000
2514552,São José de Princesa - PB,215,Valor da produção,2023,2023,256
2514602,São José do Bonfim - PB,109,Área plantada,2023,2023,-
2514602,São José do Bonfim - PB,216,Área colhida,2023,2023,-
2514602,São José do Bonfim - PB,214,Quantidade produzida,2023,2023,-
2514602,São José do Bonfim - PB,112,Rendimento médio da produção,2023,2023,-
2514602,São José do Bonfim - PB,215,Valor da produção,2023,2023,-
2514651,São José do Brejo do Cruz - PB,109,Área plantada,2023,2023,-
2514651,São José do Brejo do Cruz - PB,216,Área colhida,2023,2023,-
2514651,São José do Brejo do Cruz - PB,214,Quantidade produzida,2023,2023,-
2514651,São José do Brejo do Cruz - PB,112,Rendimento médio da produção,2023,2023,-
2514651,São José do Brejo do Cruz - PB,215,Valor da produção,2023,2023,-
2514701,São José do Sabugi - PB,109,Área plantada,2023,2023,-
2514701,São José do Sabugi - PB,216,Área colhida,2023,2023,-
2514701,São José do Sabugi - PB,214,Quantidade produzida,2023,2023,-
2514701,São José do Sabugi - PB,112,Rendimento médio da produção,2023,2023,-
2514701,São José do Sabugi - PB,215,Valor da produção,2023,2023,-
2514800,São José dos Cordeiros - PB,109,Área plantada,2023,2023,-
2514800,São José dos Cordeiros - PB,216,Área colhida,2023,2023,-
2514800,São José dos Cordeiros - PB,214,Quantidade produzida,2023,2023,-
2514800,São José dos Cordeiros - PB,112,Rendimento médio da produção,2023,2023,-
2514800,São José dos Cordeiros - PB,215,Valor da produção,2023,2023,-
2514909,São Mamede - PB,109,Área plantada,2023,2023,-
2514909,São Mamede - PB,216,Área colhida,2023,2023,-
2514909,São Mamede - PB,214,Quantidade produzida,2023,2023,-
2514909,São Mamede - PB,112,Rendimento médio da produção,2023,2023,-
2514909,São Mamede - PB,215,Valor da produção,2023,2023,-
2515005,São Miguel de Taipu - PB,109,Área plantada,2023,2023,120
2515005,São Miguel de Taipu - PB,216,Área colhida,2023,2023,120
2515005,São Miguel de Taipu - PB,214,Quantidade produzida,2023,2023,6000
2515005,São Miguel de Taipu - PB,112,Rendimento médio da produção,2023,2023,50000
2515005,São Miguel de Taipu - PB,215,Valor da produção,2023,2023,1020
2515104,São Sebastião de Lagoa de Roça - PB,109,Área plantada,2023,2023,-
2515104,São Sebastião de Lagoa de Roça - PB,216,Área colhida,2023,2023,-
2515104,São Sebastião de Lagoa de Roça - PB,214,Quantidade produzida,2023,2023,-
2515104,São Sebastião de Lagoa de Roça - PB,112,Rendimento médio da produção,2023,2023,-
2515104,São Sebastião de Lagoa de Roça - PB,215,Valor da produção,2023,2023,-
2515203,São Sebastião do Umbuzeiro - PB,109,Área plantada,2023,2023,-
2515203,São Sebastião do Umbuzeiro - PB,216,Área colhida,2023,2023,-
2515203,São Sebastião do Umbuzeiro - PB,214,Quantidade produzida,2023,2023,-
2515203,São Sebastião do Umbuzeiro - PB,112,Rendimento médio da produção,2023,2023,-
2515203,São Sebastião do Umbuzeiro - PB,215,Valor da produção,2023,2023,-
2515302,Sapé - PB,109,Área plantada,2023,2023,10300
2515302,Sapé - PB,216,Área colhida,2023,2023,10300
2515302,Sapé - PB,214,Quantidade produzida,2023,2023,669500
2515302,Sapé - PB,112,Rendimento médio da produção,2023,2023,65000
2515302,Sapé - PB,215,Valor da produção,2023,2023,107120
2515401,São Vicente do Seridó - PB,109,Área plantada,2023,2023,-
2515401,São Vicente do Seridó - PB,216,Área colhida,2023,2023,-
2515401,São Vicente do Seridó - PB,214,Quantidade produzida,2023,2023,-
2515401,São Vicente do Seridó - PB,112,Rendimento médio da produção,2023,2023,-
2515401,São Vicente do Seridó - PB,215,Valor da produção,2023,2023,-
2515500,Serra Branca - PB,109,Área plantada,2023,2023,-
2515500,Serra Branca - PB,216,Área colhida,2023,2023,-
2515500,Serra Branca - PB,214,Quantidade produzida,2023,2023,-
2515500,Serra Branca - PB,112,Rendimento médio da produção,2023,2023,-
2515500,Serra Branca - PB,215,Valor da produção,2023,2023,-
2515609,Serra da Raiz - PB,109,Área plantada,2023,2023,60
2515609,Serra da Raiz - PB,216,Área colhida,2023,2023,60
2515609,Serra da Raiz - PB,214,Quantidade produzida,2023,2023,3000
2515609,Serra da Raiz - PB,112,Rendimento médio da produção,2023,2023,50000
2515609,Serra da Raiz - PB,215,Valor da produção,2023,2023,480
2515708,Serra Grande - PB,109,Área plantada,2023,2023,5
2515708,Serra Grande - PB,216,Área colhida,2023,2023,5
2515708,Serra Grande - PB,214,Quantidade produzida,2023,2023,210
2515708,Serra Grande - PB,112,Rendimento médio da produção,2023,2023,42000
2515708,Serra Grande - PB,215,Valor da produção,2023,2023,34
2515807,Serra Redonda - PB,109,Área plantada,2023,2023,-
2515807,Serra Redonda - PB,216,Área colhida,2023,2023,-
2515807,Serra Redonda - PB,214,Quantidade produzida,2023,2023,-
2515807,Serra Redonda - PB,112,Rendimento médio da produção,2023,2023,-
2515807,Serra Redonda - PB,215,Valor da produção,2023,2023,-
2515906,Serraria - PB,109,Área plantada,2023,2023,270
2515906,Serraria - PB,216,Área colhida,2023,2023,270
2515906,Serraria - PB,214,Quantidade produzida,2023,2023,13500
2515906,Serraria - PB,112,Rendimento médio da produção,2023,2023,50000
2515906,Serraria - PB,215,Valor da produção,2023,2023,2295
2515930,Sertãozinho - PB,109,Área plantada,2023,2023,-
2515930,Sertãozinho - PB,216,Área colhida,2023,2023,-
2515930,Sertãozinho - PB,214,Quantidade produzida,2023,2023,-
2515930,Sertãozinho - PB,112,Rendimento médio da produção,2023,2023,-
2515930,Sertãozinho - PB,215,Valor da produção,2023,2023,-
2515971,Sobrado - PB,109,Área plantada,2023,2023,187
2515971,Sobrado - PB,216,Área colhida,2023,2023,187
2515971,Sobrado - PB,214,Quantidade produzida,2023,2023,12155
2515971,Sobrado - PB,112,Rendimento médio da produção,2023,2023,65000
2515971,Sobrado - PB,215,Valor da produção,2023,2023,1884
2516003,Solânea - PB,109,Área plantada,2023,2023,15
2516003,Solânea - PB,216,Área colhida,2023,2023,15
2516003,Solânea - PB,214,Quantidade produzida,2023,2023,750
2516003,Solânea - PB,112,Rendimento médio da produção,2023,2023,50000
2516003,Solânea - PB,215,Valor da produção,2023,2023,128
2516102,Soledade - PB,109,Área plantada,2023,2023,-
2516102,Soledade - PB,216,Área colhida,2023,2023,-
2516102,Soledade - PB,214,Quantidade produzida,2023,2023,-
2516102,Soledade - PB,112,Rendimento médio da produção,2023,2023,-
2516102,Soledade - PB,215,Valor da produção,2023,2023,-
2516151,Sossêgo - PB,109,Área plantada,2023,2023,-
2516151,Sossêgo - PB,216,Área colhida,2023,2023,-
2516151,Sossêgo - PB,214,Quantidade produzida,2023,2023,-
2516151,Sossêgo - PB,112,Rendimento médio da produção,2023,2023,-
2516151,Sossêgo - PB,215,Valor da produção,2023,2023,-
2516201,Sousa - PB,109,Área plantada,2023,2023,9
2516201,Sousa - PB,216,Área colhida,2023,2023,9
2516201,Sousa - PB,214,Quantidade produzida,2023,2023,360
2516201,Sousa - PB,112,Rendimento médio da produção,2023,2023,40000
2516201,Sousa - PB,215,Valor da produção,2023,2023,61
2516300,Sumé - PB,109,Área plantada,2023,2023,-
2516300,Sumé - PB,216,Área colhida,2023,2023,-
2516300,Sumé - PB,214,Quantidade produzida,2023,2023,-
2516300,Sumé - PB,112,Rendimento médio da produção,2023,2023,-
2516300,Sumé - PB,215,Valor da produção,2023,2023,-
2516409,Tacima - PB,109,Área plantada,2023,2023,-
2516409,Tacima - PB,216,Área colhida,2023,2023,-
2516409,Tacima - PB,214,Quantidade produzida,2023,2023,-
2516409,Tacima - PB,112,Rendimento médio da produção,2023,2023,-
2516409,Tacima - PB,215,Valor da produção,2023,2023,-
2516508,Taperoá - PB,109,Área plantada,2023,2023,5
2516508,Taperoá - PB,216,Área colhida,2023,2023,5
2516508,Taperoá - PB,214,Quantidade produzida,2023,2023,240
2516508,Taperoá - PB,112,Rendimento médio da produção,2023,2023,48000
2516508,Taperoá - PB,215,Valor da produção,2023,2023,36
2516607,Tavares - PB,109,Área plantada,2023,2023,10
2516607,Tavares - PB,216,Área colhida,2023,2023,10
2516607,Tavares - PB,214,Quantidade produzida,2023,2023,450
2516607,Tavares - PB,112,Rendimento médio da produção,2023,2023,45000
2516607,Tavares - PB,215,Valor da produção,2023,2023,72
2516706,Teixeira - PB,109,Área plantada,2023,2023,3
2516706,Teixeira - PB,216,Área colhida,2023,2023,3
2516706,Teixeira - PB,214,Quantidade produzida,2023,2023,144
2516706,Teixeira - PB,112,Rendimento médio da produção,2023,2023,48000
2516706,Teixeira - PB,215,Valor da produção,2023,2023,23
2516755,Tenório - PB,109,Área plantada,2023,2023,-
2516755,Tenório - PB,216,Área colhida,2023,2023,-
2516755,Tenório - PB,214,Quantidade produzida,2023,2023,-
2516755,Tenório - PB,112,Rendimento médio da produção,2023,2023,-
2516755,Tenório - PB,215,Valor da produção,2023,2023,-
2516805,Triunfo - PB,109,Área plantada,2023,2023,-
2516805,Triunfo - PB,216,Área colhida,2023,2023,-
2516805,Triunfo - PB,214,Quantidade produzida,2023,2023,-
2516805,Triunfo - PB,112,Rendimento médio da produção,2023,2023,-
2516805,Triunfo - PB,215,Valor da produção,2023,2023,-
2516904,Uiraúna - PB,109,Área plantada,2023,2023,5
2516904,Uiraúna - PB,216,Área colhida,2023,2023,5
2516904,Uiraúna - PB,214,Quantidade produzida,2023,2023,175
2516904,Uiraúna - PB,112,Rendimento médio da produção,2023,2023,35000
2516904,Uiraúna - PB,215,Valor da produção,2023,2023,31
2517001,Umbuzeiro - PB,109,Área plantada,2023,2023,-
2517001,Umbuzeiro - PB,216,Área colhida,2023,2023,-
2517001,Umbuzeiro - PB,214,Quantidade produzida,2023,2023,-
2517001,Umbuzeiro - PB,112,Rendimento médio da produção,2023,2023,-
2517001,Umbuzeiro - PB,215,Valor da produção,2023,2023,-
2517100,Várzea - PB,109,Área plantada,2023,2023,-
2517100,Várzea - PB,216,Área colhida,2023,2023,-
2517100,Várzea - PB,214,Quantidade produzida,2023,2023,-
2517100,Várzea - PB,112,Rendimento médio da produção,2023,2023,-
2517100,Várzea - PB,215,Valor da produção,2023,2023,-
2517209,Vieirópolis - PB,109,Área plantada,2023,2023,-
2517209,Vieirópolis - PB,216,Área colhida,2023,2023,-
2517209,Vieirópolis - PB,214,Quantidade produzida,2023,2023,-
2517209,Vieirópolis - PB,112,Rendimento médio da produção,2023,2023,-
2517209,Vieirópolis - PB,215,Valor da produção,2023,2023,-
2517407,Zabelê - PB,109,Área plantada,2023,2023,-
2517407,Zabelê - PB,216,Área colhida,2023,2023,-
2517407,Zabelê - PB,214,Quantidade produzida,2023,2023,-
2517407,Zabelê - PB,112,Rendimento médio da produção,2023,2023,-
2517407,Zabelê - PB,215,Valor da produção,2023,2023,-
